<?xml version="1.0" encoding="UTF-8"?>
<root>
  <item name="com.google.android.material.bottomappbar.BottomAppBar fabAlignmentMode">
    <annotation name="androidx.annotation.IntDef">
      <val name="value" val="{com.google.android.material.bottomappbar.BottomAppBar.FAB_ALIGNMENT_MODE_CENTER, com.google.android.material.bottomappbar.BottomAppBar.FAB_ALIGNMENT_MODE_END}" />
    </annotation>
  </item>
  <item name="com.google.android.material.bottomappbar.BottomAppBar fabAnimationMode">
    <annotation name="androidx.annotation.IntDef">
      <val name="value" val="{com.google.android.material.bottomappbar.BottomAppBar.FAB_ANIMATION_MODE_SCALE, com.google.android.material.bottomappbar.BottomAppBar.FAB_ANIMATION_MODE_SLIDE}" />
    </annotation>
  </item>
  <item name="com.google.android.material.bottomappbar.BottomAppBar float getFabTranslationX(int) 0">
    <annotation name="androidx.annotation.IntDef">
      <val name="value" val="{com.google.android.material.bottomappbar.BottomAppBar.FAB_ALIGNMENT_MODE_CENTER, com.google.android.material.bottomappbar.BottomAppBar.FAB_ALIGNMENT_MODE_END}" />
    </annotation>
  </item>
  <item name="com.google.android.material.bottomappbar.BottomAppBar int getActionMenuViewTranslationX(androidx.appcompat.widget.ActionMenuView, int, boolean) 1">
    <annotation name="androidx.annotation.IntDef">
      <val name="value" val="{com.google.android.material.bottomappbar.BottomAppBar.FAB_ALIGNMENT_MODE_CENTER, com.google.android.material.bottomappbar.BottomAppBar.FAB_ALIGNMENT_MODE_END}" />
    </annotation>
  </item>
  <item name="com.google.android.material.bottomappbar.BottomAppBar int getFabAlignmentMode()">
    <annotation name="androidx.annotation.IntDef">
      <val name="value" val="{com.google.android.material.bottomappbar.BottomAppBar.FAB_ALIGNMENT_MODE_CENTER, com.google.android.material.bottomappbar.BottomAppBar.FAB_ALIGNMENT_MODE_END}" />
    </annotation>
  </item>
  <item name="com.google.android.material.bottomappbar.BottomAppBar int getFabAnimationMode()">
    <annotation name="androidx.annotation.IntDef">
      <val name="value" val="{com.google.android.material.bottomappbar.BottomAppBar.FAB_ANIMATION_MODE_SCALE, com.google.android.material.bottomappbar.BottomAppBar.FAB_ANIMATION_MODE_SLIDE}" />
    </annotation>
  </item>
  <item name="com.google.android.material.bottomappbar.BottomAppBar void createFabDefaultXAnimation(int, java.util.List&lt;android.animation.Animator&gt;) 0">
    <annotation name="androidx.annotation.IntDef">
      <val name="value" val="{com.google.android.material.bottomappbar.BottomAppBar.FAB_ALIGNMENT_MODE_CENTER, com.google.android.material.bottomappbar.BottomAppBar.FAB_ALIGNMENT_MODE_END}" />
    </annotation>
  </item>
  <item name="com.google.android.material.bottomappbar.BottomAppBar void createFabTranslationXAnimation(int, java.util.List&lt;android.animation.Animator&gt;) 0">
    <annotation name="androidx.annotation.IntDef">
      <val name="value" val="{com.google.android.material.bottomappbar.BottomAppBar.FAB_ALIGNMENT_MODE_CENTER, com.google.android.material.bottomappbar.BottomAppBar.FAB_ALIGNMENT_MODE_END}" />
    </annotation>
  </item>
  <item name="com.google.android.material.bottomappbar.BottomAppBar void createMenuViewTranslationAnimation(int, boolean, java.util.List&lt;android.animation.Animator&gt;) 0">
    <annotation name="androidx.annotation.IntDef">
      <val name="value" val="{com.google.android.material.bottomappbar.BottomAppBar.FAB_ALIGNMENT_MODE_CENTER, com.google.android.material.bottomappbar.BottomAppBar.FAB_ALIGNMENT_MODE_END}" />
    </annotation>
  </item>
  <item name="com.google.android.material.bottomappbar.BottomAppBar void maybeAnimateMenuView(int, boolean) 0">
    <annotation name="androidx.annotation.IntDef">
      <val name="value" val="{com.google.android.material.bottomappbar.BottomAppBar.FAB_ALIGNMENT_MODE_CENTER, com.google.android.material.bottomappbar.BottomAppBar.FAB_ALIGNMENT_MODE_END}" />
    </annotation>
  </item>
  <item name="com.google.android.material.bottomappbar.BottomAppBar void maybeAnimateModeChange(int) 0">
    <annotation name="androidx.annotation.IntDef">
      <val name="value" val="{com.google.android.material.bottomappbar.BottomAppBar.FAB_ALIGNMENT_MODE_CENTER, com.google.android.material.bottomappbar.BottomAppBar.FAB_ALIGNMENT_MODE_END}" />
    </annotation>
  </item>
  <item name="com.google.android.material.bottomappbar.BottomAppBar void setFabAlignmentMode(int) 0">
    <annotation name="androidx.annotation.IntDef">
      <val name="value" val="{com.google.android.material.bottomappbar.BottomAppBar.FAB_ALIGNMENT_MODE_CENTER, com.google.android.material.bottomappbar.BottomAppBar.FAB_ALIGNMENT_MODE_END}" />
    </annotation>
  </item>
  <item name="com.google.android.material.bottomappbar.BottomAppBar void setFabAnimationMode(int) 0">
    <annotation name="androidx.annotation.IntDef">
      <val name="value" val="{com.google.android.material.bottomappbar.BottomAppBar.FAB_ANIMATION_MODE_SCALE, com.google.android.material.bottomappbar.BottomAppBar.FAB_ANIMATION_MODE_SLIDE}" />
    </annotation>
  </item>
  <item name="com.google.android.material.bottomappbar.BottomAppBar void translateActionMenuView(androidx.appcompat.widget.ActionMenuView, int, boolean) 1">
    <annotation name="androidx.annotation.IntDef">
      <val name="value" val="{com.google.android.material.bottomappbar.BottomAppBar.FAB_ALIGNMENT_MODE_CENTER, com.google.android.material.bottomappbar.BottomAppBar.FAB_ALIGNMENT_MODE_END}" />
    </annotation>
  </item>
  <item name="com.google.android.material.bottomappbar.BottomAppBar.FabAlignmentMode">
    <annotation name="androidx.annotation.IntDef">
      <val name="value" val="{com.google.android.material.bottomappbar.BottomAppBar.FAB_ALIGNMENT_MODE_CENTER, com.google.android.material.bottomappbar.BottomAppBar.FAB_ALIGNMENT_MODE_END}" />
    </annotation>
  </item>
  <item name="com.google.android.material.bottomappbar.BottomAppBar.FabAnimationMode">
    <annotation name="androidx.annotation.IntDef">
      <val name="value" val="{com.google.android.material.bottomappbar.BottomAppBar.FAB_ANIMATION_MODE_SCALE, com.google.android.material.bottomappbar.BottomAppBar.FAB_ANIMATION_MODE_SLIDE}" />
    </annotation>
  </item>
  <item name="com.google.android.material.bottomappbar.BottomAppBar.SavedState fabAlignmentMode">
    <annotation name="androidx.annotation.IntDef">
      <val name="value" val="{com.google.android.material.bottomappbar.BottomAppBar.FAB_ALIGNMENT_MODE_CENTER, com.google.android.material.bottomappbar.BottomAppBar.FAB_ALIGNMENT_MODE_END}" />
    </annotation>
  </item>
</root>

