<?xml version="1.0" encoding="UTF-8"?>
<root>
  <item name="com.google.android.material.slider.BaseSlider int getLabelBehavior()">
    <annotation name="androidx.annotation.IntDef">
      <val name="value" val="{com.google.android.material.slider.LabelFormatter.LABEL_FLOATING, com.google.android.material.slider.LabelFormatter.LABEL_WITHIN_BOUNDS, com.google.android.material.slider.LabelFormatter.LABEL_GONE}" />
    </annotation>
  </item>
  <item name="com.google.android.material.slider.BaseSlider void setLabelBehavior(int) 0">
    <annotation name="androidx.annotation.IntDef">
      <val name="value" val="{com.google.android.material.slider.LabelFormatter.LABEL_FLOATING, com.google.android.material.slider.LabelFormatter.LABEL_WITHIN_BOUNDS, com.google.android.material.slider.LabelFormatter.LABEL_GONE}" />
    </annotation>
  </item>
</root>

